[
  {
    "name": "Stockholm",
    "country": "Sweden",
    "continent": "Europe",
    "population": 975551,
    "lat": 59.3293,
    "lng": 18.0686
  },
  {
    "name": "Berlin",
    "country": "Germany",
    "continent": "Europe",
    "population": 3769495,
    "lat": 52.52,
    "lng": 13.405
  },
  {
    "name": "Madrid",
    "country": "Spain",
    "continent": "Europe",
    "population": 3266126,
    "lat": 40.4168,
    "lng": -3.7038
  },
  {
    "name": "Paris",
    "country": "France",
    "continent": "Europe",
    "population": 2165423,
    "lat": 48.8566,
    "lng": 2.3522
  },
  {
    "name": "Rome",
    "country": "Italy",
    "continent": "Europe",
    "population": 2872800,
    "lat": 41.9028,
    "lng": 12.4964
  },
  {
    "name": "London",
    "country": "United Kingdom",
    "continent": "Europe",
    "population": 8982000,
    "lat": 51.5074,
    "lng": -0.1278
  },
  {
    "name": "Vienna",
    "country": "Austria",
    "continent": "Europe",
    "population": 1911191,
    "lat": 48.2082,
    "lng": 16.3738
  },
  {
    "name": "Barcelona",
    "country": "Spain",
    "continent": "Europe",
    "population": 1636762,
    "lat": 41.3851,
    "lng": 2.1734
  },
  {
    "name": "Amsterdam",
    "country": "Netherlands",
    "continent": "Europe",
    "population": 872680,
    "lat": 52.3676,
    "lng": 4.9041
  },
  {
    "name": "Warsaw",
    "country": "Poland",
    "continent": "Europe",
    "population": 1790658,
    "lat": 52.2297,
    "lng": 21.0122
  },
  {
    "name": "Budapest",
    "country": "Hungary",
    "continent": "Europe",
    "population": 1752286,
    "lat": 47.4979,
    "lng": 19.0402
  },
  {
    "name": "Brussels",
    "country": "Belgium",
    "continent": "Europe",
    "population": 1209000,
    "lat": 50.8503,
    "lng": 4.3517
  },
  {
    "name": "Munich",
    "country": "Germany",
    "continent": "Europe",
    "population": 1484226,
    "lat": 48.1351,
    "lng": 11.582
  },
  {
    "name": "Hamburg",
    "country": "Germany",
    "continent": "Europe",
    "population": 1841179,
    "lat": 53.5511,
    "lng": 9.9937
  },
  {
    "name": "Prague",
    "country": "Czech Republic",
    "continent": "Europe",
    "population": 1309000,
    "lat": 50.0755,
    "lng": 14.4378
  },
  {
    "name": "New York",
    "country": "United States",
    "continent": "North America",
    "population": 8336817,
    "lat": 40.7128,
    "lng": -74.006
  },
  {
    "name": "Los Angeles",
    "country": "United States",
    "continent": "North America",
    "population": 3979576,
    "lat": 34.0522,
    "lng": -118.2437
  },
  {
    "name": "Chicago",
    "country": "United States",
    "continent": "North America",
    "population": 2693976,
    "lat": 41.8781,
    "lng": -87.6298
  },
  {
    "name": "Houston",
    "country": "United States",
    "continent": "North America",
    "population": 2320268,
    "lat": 29.7604,
    "lng": -95.3698
  },
  {
    "name": "Phoenix",
    "country": "United States",
    "continent": "North America",
    "population": 1680992,
    "lat": 33.4484,
    "lng": -112.074
  },
  {
    "name": "Philadelphia",
    "country": "United States",
    "continent": "North America",
    "population": 1584064,
    "lat": 39.9526,
    "lng": -75.1652
  },
  {
    "name": "Toronto",
    "country": "Canada",
    "continent": "North America",
    "population": 2930000,
    "lat": 43.6532,
    "lng": -79.3832
  },
  {
    "name": "Mexico City",
    "country": "Mexico",
    "continent": "North America",
    "population": 9209944,
    "lat": 19.4326,
    "lng": -99.1332
  },
  {
    "name": "Montreal",
    "country": "Canada",
    "continent": "North America",
    "population": 1762949,
    "lat": 45.5017,
    "lng": -73.5673
  },
  {
    "name": "San Antonio",
    "country": "United States",
    "continent": "North America",
    "population": 1547253,
    "lat": 29.4241,
    "lng": -98.4936
  },
  {
    "name": "San Diego",
    "country": "United States",
    "continent": "North America",
    "population": 1423851,
    "lat": 32.7157,
    "lng": -117.1611
  },
  {
    "name": "Dallas",
    "country": "United States",
    "continent": "North America",
    "population": 1343573,
    "lat": 32.7767,
    "lng": -96.797
  },
  {
    "name": "Guadalajara",
    "country": "Mexico",
    "continent": "North America",
    "population": 1495189,
    "lat": 20.6597,
    "lng": -103.3496
  },
  {
    "name": "Vancouver",
    "country": "Canada",
    "continent": "North America",
    "population": 675218,
    "lat": 49.2827,
    "lng": -123.1207
  },
  {
    "name": "Tokyo",
    "country": "Japan",
    "continent": "Asia",
    "population": 13960000,
    "lat": 35.6762,
    "lng": 139.6503
  },
  {
    "name": "Delhi",
    "country": "India",
    "continent": "Asia",
    "population": 16753235,
    "lat": 28.7041,
    "lng": 77.1025
  },
  {
    "name": "Shanghai",
    "country": "China",
    "continent": "Asia",
    "population": 24870895,
    "lat": 31.2304,
    "lng": 121.4737
  },
  {
    "name": "Mumbai",
    "country": "India",
    "continent": "Asia",
    "population": 12442373,
    "lat": 19.076,
    "lng": 72.8777
  },
  {
    "name": "Beijing",
    "country": "China",
    "continent": "Asia",
    "population": 21540000,
    "lat": 39.9042,
    "lng": 116.4074
  },
  {
    "name": "Bangkok",
    "country": "Thailand",
    "continent": "Asia",
    "population": 10539415,
    "lat": 13.7563,
    "lng": 100.5018
  },
  {
    "name": "Seoul",
    "country": "South Korea",
    "continent": "Asia",
    "population": 9776000,
    "lat": 37.5665,
    "lng": 126.978
  },
  {
    "name": "Singapore",
    "country": "Singapore",
    "continent": "Asia",
    "population": 5685807,
    "lat": 1.3521,
    "lng": 103.8198
  },
  {
    "name": "Dubai",
    "country": "United Arab Emirates",
    "continent": "Asia",
    "population": 3411200,
    "lat": 25.2048,
    "lng": 55.2708
  },
  {
    "name": "Istanbul",
    "country": "Turkey",
    "continent": "Asia",
    "population": 15462452,
    "lat": 41.0082,
    "lng": 28.9784
  },
  {
    "name": "São Paulo",
    "country": "Brazil",
    "continent": "South America",
    "population": 12325232,
    "lat": -23.5505,
    "lng": -46.6333
  },
  {
    "name": "Buenos Aires",
    "country": "Argentina",
    "continent": "South America",
    "population": 3075646,
    "lat": -34.6037,
    "lng": -58.3816
  },
  {
    "name": "Rio de Janeiro",
    "country": "Brazil",
    "continent": "South America",
    "population": 6748000,
    "lat": -22.9068,
    "lng": -43.1729
  },
  {
    "name": "Lima",
    "country": "Peru",
    "continent": "South America",
    "population": 9752000,
    "lat": -12.0464,
    "lng": -77.0428
  },
  {
    "name": "Bogotá",
    "country": "Colombia",
    "continent": "South America",
    "population": 7412566,
    "lat": 4.711,
    "lng": -74.0721
  },
  {
    "name": "Santiago",
    "country": "Chile",
    "continent": "South America",
    "population": 5614000,
    "lat": -33.4489,
    "lng": -70.6693
  },
  {
    "name": "Caracas",
    "country": "Venezuela",
    "continent": "South America",
    "population": 2935000,
    "lat": 10.4806,
    "lng": -66.9036
  },
  {
    "name": "Cairo",
    "country": "Egypt",
    "continent": "Africa",
    "population": 9500000,
    "lat": 30.0444,
    "lng": 31.2357
  },
  {
    "name": "Lagos",
    "country": "Nigeria",
    "continent": "Africa",
    "population": 14862000,
    "lat": 6.5244,
    "lng": 3.3792
  },
  {
    "name": "Kinshasa",
    "country": "Democratic Republic of Congo",
    "continent": "Africa",
    "population": 14970000,
    "lat": -4.4419,
    "lng": 15.2663
  },
  {
    "name": "Johannesburg",
    "country": "South Africa",
    "continent": "Africa",
    "population": 5635127,
    "lat": -26.2041,
    "lng": 28.0473
  },
  {
    "name": "Nairobi",
    "country": "Kenya",
    "continent": "Africa",
    "population": 4397073,
    "lat": -1.2921,
    "lng": 36.8219
  },
  {
    "name": "Cape Town",
    "country": "South Africa",
    "continent": "Africa",
    "population": 4617560,
    "lat": -33.9249,
    "lng": 18.4241
  },
  {
    "name": "Sydney",
    "country": "Australia",
    "continent": "Oceania",
    "population": 5312163,
    "lat": -33.8688,
    "lng": 151.2093
  },
  {
    "name": "Melbourne",
    "country": "Australia",
    "continent": "Oceania",
    "population": 4936349,
    "lat": -37.8136,
    "lng": 144.9631
  },
  {
    "name": "Brisbane",
    "country": "Australia",
    "continent": "Oceania",
    "population": 2568927,
    "lat": -27.4698,
    "lng": 153.0251
  },
  {
    "name": "Auckland",
    "country": "New Zealand",
    "continent": "Oceania",
    "population": 1657200,
    "lat": -36.8485,
    "lng": 174.7633
  },
  {
    "name": "Lisbon",
    "country": "Portugal",
    "continent": "Europe",
    "population": 505526,
    "lat": 38.7223,
    "lng": -9.1393
  },
  {
    "name": "Dublin",
    "country": "Ireland",
    "continent": "Europe",
    "population": 1173179,
    "lat": 53.3498,
    "lng": -6.2603
  },
  {
    "name": "Copenhagen",
    "country": "Denmark",
    "continent": "Europe",
    "population": 794128,
    "lat": 55.6761,
    "lng": 12.5683
  },
  {
    "name": "Oslo",
    "country": "Norway",
    "continent": "Europe",
    "population": 709037,
    "lat": 59.9139,
    "lng": 10.7522
  },
  {
    "name": "Helsinki",
    "country": "Finland",
    "continent": "Europe",
    "population": 658864,
    "lat": 60.1695,
    "lng": 24.9354
  },
  {
    "name": "Athens",
    "country": "Greece",
    "continent": "Europe",
    "population": 664046,
    "lat": 37.9838,
    "lng": 23.7275
  },
  {
    "name": "Bucharest",
    "country": "Romania",
    "continent": "Europe",
    "population": 1883425,
    "lat": 44.4268,
    "lng": 26.1025
  },
  {
    "name": "Sofia",
    "country": "Bulgaria",
    "continent": "Europe",
    "population": 1242568,
    "lat": 42.6977,
    "lng": 23.3219
  },
  {
    "name": "Zagreb",
    "country": "Croatia",
    "continent": "Europe",
    "population": 769944,
    "lat": 45.815,
    "lng": 15.9819
  },
  {
    "name": "Belgrade",
    "country": "Serbia",
    "continent": "Europe",
    "population": 1197714,
    "lat": 44.7866,
    "lng": 20.4489
  },
  {
    "name": "Kyiv",
    "country": "Ukraine",
    "continent": "Europe",
    "population": 2962180,
    "lat": 50.4501,
    "lng": 30.5234
  },
  {
    "name": "Moscow",
    "country": "Russia",
    "continent": "Europe",
    "population": 12692466,
    "lat": 55.7558,
    "lng": 37.6173
  },
  {
    "name": "Saint Petersburg",
    "country": "Russia",
    "continent": "Europe",
    "population": 5384342,
    "lat": 59.9311,
    "lng": 30.3609
  },
  {
    "name": "Milan",
    "country": "Italy",
    "continent": "Europe",
    "population": 1396059,
    "lat": 45.4642,
    "lng": 9.19
  },
  {
    "name": "Naples",
    "country": "Italy",
    "continent": "Europe",
    "population": 967069,
    "lat": 40.8518,
    "lng": 14.2681
  },
  {
    "name": "Turin",
    "country": "Italy",
    "continent": "Europe",
    "population": 870456,
    "lat": 45.0703,
    "lng": 7.6869
  },
  {
    "name": "Marseille",
    "country": "France",
    "continent": "Europe",
    "population": 870731,
    "lat": 43.2965,
    "lng": 5.3698
  },
  {
    "name": "Lyon",
    "country": "France",
    "continent": "Europe",
    "population": 516092,
    "lat": 45.764,
    "lng": 4.8357
  },
  {
    "name": "Toulouse",
    "country": "France",
    "continent": "Europe",
    "population": 479553,
    "lat": 43.6047,
    "lng": 1.4442
  },
  {
    "name": "Cologne",
    "country": "Germany",
    "continent": "Europe",
    "population": 1085664,
    "lat": 50.9375,
    "lng": 6.9603
  },
  {
    "name": "Frankfurt",
    "country": "Germany",
    "continent": "Europe",
    "population": 753056,
    "lat": 50.1109,
    "lng": 8.6821
  },
  {
    "name": "Stuttgart",
    "country": "Germany",
    "continent": "Europe",
    "population": 634830,
    "lat": 48.7758,
    "lng": 9.1829
  },
  {
    "name": "Dortmund",
    "country": "Germany",
    "continent": "Europe",
    "population": 587010,
    "lat": 51.5136,
    "lng": 7.4653
  },
  {
    "name": "Essen",
    "country": "Germany",
    "continent": "Europe",
    "population": 583109,
    "lat": 51.4556,
    "lng": 7.0116
  },
  {
    "name": "Düsseldorf",
    "country": "Germany",
    "continent": "Europe",
    "population": 621877,
    "lat": 51.2277,
    "lng": 6.7735
  },
  {
    "name": "Manchester",
    "country": "United Kingdom",
    "continent": "Europe",
    "population": 547627,
    "lat": 53.4808,
    "lng": -2.2426
  },
  {
    "name": "Birmingham",
    "country": "United Kingdom",
    "continent": "Europe",
    "population": 1141816,
    "lat": 52.4862,
    "lng": -1.8904
  },
  {
    "name": "Glasgow",
    "country": "United Kingdom",
    "continent": "Europe",
    "population": 633120,
    "lat": 55.8642,
    "lng": -4.2518
  },
  {
    "name": "Edinburgh",
    "country": "United Kingdom",
    "continent": "Europe",
    "population": 524930,
    "lat": 55.9533,
    "lng": -3.1883
  },
  {
    "name": "Seville",
    "country": "Spain",
    "continent": "Europe",
    "population": 688711,
    "lat": 37.3891,
    "lng": -5.9845
  },
  {
    "name": "Valencia",
    "country": "Spain",
    "continent": "Europe",
    "population": 794288,
    "lat": 39.4699,
    "lng": -0.3763
  },
  {
    "name": "Bilbao",
    "country": "Spain",
    "continent": "Europe",
    "population": 345821,
    "lat": 43.263,
    "lng": -2.935
  },
  {
    "name": "Kraków",
    "country": "Poland",
    "continent": "Europe",
    "population": 779115,
    "lat": 50.0647,
    "lng": 19.945
  },
  {
    "name": "Wrocław",
    "country": "Poland",
    "continent": "Europe",
    "population": 643782,
    "lat": 51.1079,
    "lng": 17.0385
  },
  {
    "name": "Rotterdam",
    "country": "Netherlands",
    "continent": "Europe",
    "population": 651446,
    "lat": 51.9225,
    "lng": 4.4792
  },
  {
    "name": "The Hague",
    "country": "Netherlands",
    "continent": "Europe",
    "population": 545163,
    "lat": 52.0705,
    "lng": 4.3007
  },
  {
    "name": "Zürich",
    "country": "Switzerland",
    "continent": "Europe",
    "population": 421878,
    "lat": 47.3769,
    "lng": 8.5417
  },
  {
    "name": "Geneva",
    "country": "Switzerland",
    "continent": "Europe",
    "population": 201818,
    "lat": 46.2044,
    "lng": 6.1432
  },
  {
    "name": "Gothenburg",
    "country": "Sweden",
    "continent": "Europe",
    "population": 579281,
    "lat": 57.7089,
    "lng": 11.9746
  },
  {
    "name": "Malmö",
    "country": "Sweden",
    "continent": "Europe",
    "population": 347949,
    "lat": 55.605,
    "lng": 13.0038
  },
  {
    "name": "Boston",
    "country": "United States",
    "continent": "North America",
    "population": 692600,
    "lat": 42.3601,
    "lng": -71.0589
  },
  {
    "name": "Seattle",
    "country": "United States",
    "continent": "North America",
    "population": 753675,
    "lat": 47.6062,
    "lng": -122.3321
  },
  {
    "name": "Denver",
    "country": "United States",
    "continent": "North America",
    "population": 715522,
    "lat": 39.7392,
    "lng": -104.9903
  },
  {
    "name": "Washington",
    "country": "United States",
    "continent": "North America",
    "population": 705749,
    "lat": 38.9072,
    "lng": -77.0369
  },
  {
    "name": "Atlanta",
    "country": "United States",
    "continent": "North America",
    "population": 498715,
    "lat": 33.749,
    "lng": -84.388
  },
  {
    "name": "Miami",
    "country": "United States",
    "continent": "North America",
    "population": 467963,
    "lat": 25.7617,
    "lng": -80.1918
  },
  {
    "name": "Minneapolis",
    "country": "United States",
    "continent": "North America",
    "population": 425336,
    "lat": 44.9778,
    "lng": -93.265
  },
  {
    "name": "Detroit",
    "country": "United States",
    "continent": "North America",
    "population": 639111,
    "lat": 42.3314,
    "lng": -83.0458
  },
  {
    "name": "Las Vegas",
    "country": "United States",
    "continent": "North America",
    "population": 641903,
    "lat": 36.1699,
    "lng": -115.1398
  },
  {
    "name": "Portland",
    "country": "United States",
    "continent": "North America",
    "population": 652503,
    "lat": 45.5152,
    "lng": -122.6784
  },
  {
    "name": "San Francisco",
    "country": "United States",
    "continent": "North America",
    "population": 873965,
    "lat": 37.7749,
    "lng": -122.4194
  },
  {
    "name": "San Jose",
    "country": "United States",
    "continent": "North America",
    "population": 1021795,
    "lat": 37.3382,
    "lng": -121.8863
  },
  {
    "name": "Austin",
    "country": "United States",
    "continent": "North America",
    "population": 961855,
    "lat": 30.2672,
    "lng": -97.7431
  },
  {
    "name": "Columbus",
    "country": "United States",
    "continent": "North America",
    "population": 905748,
    "lat": 39.9612,
    "lng": -82.9988
  },
  {
    "name": "Charlotte",
    "country": "United States",
    "continent": "North America",
    "population": 885708,
    "lat": 35.2271,
    "lng": -80.8431
  },
  {
    "name": "Nashville",
    "country": "United States",
    "continent": "North America",
    "population": 689447,
    "lat": 36.1627,
    "lng": -86.7816
  },
  {
    "name": "Baltimore",
    "country": "United States",
    "continent": "North America",
    "population": 585708,
    "lat": 39.2904,
    "lng": -76.6122
  },
  {
    "name": "Milwaukee",
    "country": "United States",
    "continent": "North America",
    "population": 577222,
    "lat": 43.0389,
    "lng": -87.9065
  },
  {
    "name": "Calgary",
    "country": "Canada",
    "continent": "North America",
    "population": 1306784,
    "lat": 51.0447,
    "lng": -114.0719
  },
  {
    "name": "Ottawa",
    "country": "Canada",
    "continent": "North America",
    "population": 1017449,
    "lat": 45.4215,
    "lng": -75.6972
  },
  {
    "name": "Edmonton",
    "country": "Canada",
    "continent": "North America",
    "population": 981280,
    "lat": 53.5461,
    "lng": -113.4938
  },
  {
    "name": "Winnipeg",
    "country": "Canada",
    "continent": "North America",
    "population": 749607,
    "lat": 49.8951,
    "lng": -97.1384
  },
  {
    "name": "Quebec City",
    "country": "Canada",
    "continent": "North America",
    "population": 549459,
    "lat": 46.8139,
    "lng": -71.208
  },
  {
    "name": "Monterrey",
    "country": "Mexico",
    "continent": "North America",
    "population": 1135512,
    "lat": 25.6866,
    "lng": -100.3161
  },
  {
    "name": "Puebla",
    "country": "Mexico",
    "continent": "North America",
    "population": 1692181,
    "lat": 19.0414,
    "lng": -98.2063
  },
  {
    "name": "Tijuana",
    "country": "Mexico",
    "continent": "North America",
    "population": 1810645,
    "lat": 32.5149,
    "lng": -117.0382
  },
  {
    "name": "Havana",
    "country": "Cuba",
    "continent": "North America",
    "population": 2130081,
    "lat": 23.1136,
    "lng": -82.3666
  },
  {
    "name": "Panama City",
    "country": "Panama",
    "continent": "North America",
    "population": 880691,
    "lat": 8.9824,
    "lng": -79.5199
  },
  {
    "name": "Guatemala City",
    "country": "Guatemala",
    "continent": "North America",
    "population": 994938,
    "lat": 14.6349,
    "lng": -90.5069
  },
  {
    "name": "San José",
    "country": "Costa Rica",
    "continent": "North America",
    "population": 333980,
    "lat": 9.9281,
    "lng": -84.0907
  },
  {
    "name": "Osaka",
    "country": "Japan",
    "continent": "Asia",
    "population": 2725006,
    "lat": 34.6937,
    "lng": 135.5023
  },
  {
    "name": "Yokohama",
    "country": "Japan",
    "continent": "Asia",
    "population": 3748905,
    "lat": 35.4437,
    "lng": 139.638
  },
  {
    "name": "Nagoya",
    "country": "Japan",
    "continent": "Asia",
    "population": 2320361,
    "lat": 35.1815,
    "lng": 136.9066
  },
  {
    "name": "Sapporo",
    "country": "Japan",
    "continent": "Asia",
    "population": 1973395,
    "lat": 43.0642,
    "lng": 141.3469
  },
  {
    "name": "Fukuoka",
    "country": "Japan",
    "continent": "Asia",
    "population": 1595674,
    "lat": 33.5904,
    "lng": 130.4017
  },
  {
    "name": "Kobe",
    "country": "Japan",
    "continent": "Asia",
    "population": 1544873,
    "lat": 34.6901,
    "lng": 135.1955
  },
  {
    "name": "Bangalore",
    "country": "India",
    "continent": "Asia",
    "population": 8443675,
    "lat": 12.9716,
    "lng": 77.5946
  },
  {
    "name": "Hyderabad",
    "country": "India",
    "continent": "Asia",
    "population": 6809970,
    "lat": 17.385,
    "lng": 78.4867
  },
  {
    "name": "Chennai",
    "country": "India",
    "continent": "Asia",
    "population": 7088000,
    "lat": 13.0827,
    "lng": 80.2707
  },
  {
    "name": "Kolkata",
    "country": "India",
    "continent": "Asia",
    "population": 4496694,
    "lat": 22.5726,
    "lng": 88.3639
  },
  {
    "name": "Pune",
    "country": "India",
    "continent": "Asia",
    "population": 3124458,
    "lat": 18.5204,
    "lng": 73.8567
  },
  {
    "name": "Ahmedabad",
    "country": "India",
    "continent": "Asia",
    "population": 5577940,
    "lat": 23.0225,
    "lng": 72.5714
  },
  {
    "name": "Jaipur",
    "country": "India",
    "continent": "Asia",
    "population": 3046163,
    "lat": 26.9124,
    "lng": 75.7873
  },
  {
    "name": "Guangzhou",
    "country": "China",
    "continent": "Asia",
    "population": 13080500,
    "lat": 23.1291,
    "lng": 113.2644
  },
  {
    "name": "Shenzhen",
    "country": "China",
    "continent": "Asia",
    "population": 12528300,
    "lat": 22.5431,
    "lng": 114.0579
  },
  {
    "name": "Chongqing",
    "country": "China",
    "continent": "Asia",
    "population": 15872179,
    "lat": 29.4316,
    "lng": 106.9123
  },
  {
    "name": "Tianjin",
    "country": "China",
    "continent": "Asia",
    "population": 13866009,
    "lat": 39.3434,
    "lng": 117.3616
  },
  {
    "name": "Wuhan",
    "country": "China",
    "continent": "Asia",
    "population": 8896900,
    "lat": 30.5928,
    "lng": 114.3055
  },
  {
    "name": "Chengdu",
    "country": "China",
    "continent": "Asia",
    "population": 8813000,
    "lat": 30.5728,
    "lng": 104.0668
  },
  {
    "name": "Nanjing",
    "country": "China",
    "continent": "Asia",
    "population": 8505500,
    "lat": 32.0603,
    "lng": 118.7969
  },
  {
    "name": "Xi'an",
    "country": "China",
    "continent": "Asia",
    "population": 8705600,
    "lat": 34.2658,
    "lng": 108.9541
  },
  {
    "name": "Hangzhou",
    "country": "China",
    "continent": "Asia",
    "population": 10360000,
    "lat": 30.2741,
    "lng": 120.1551
  },
  {
    "name": "Hong Kong",
    "country": "Hong Kong",
    "continent": "Asia",
    "population": 7496981,
    "lat": 22.3193,
    "lng": 114.1694
  },
  {
    "name": "Taipei",
    "country": "Taiwan",
    "continent": "Asia",
    "population": 2646204,
    "lat": 25.033,
    "lng": 121.5654
  },
  {
    "name": "Busan",
    "country": "South Korea",
    "continent": "Asia",
    "population": 3448737,
    "lat": 35.1796,
    "lng": 129.0756
  },
  {
    "name": "Incheon",
    "country": "South Korea",
    "continent": "Asia",
    "population": 2954955,
    "lat": 37.4563,
    "lng": 126.7052
  },
  {
    "name": "Manila",
    "country": "Philippines",
    "continent": "Asia",
    "population": 1780148,
    "lat": 14.5995,
    "lng": 120.9842
  },
  {
    "name": "Jakarta",
    "country": "Indonesia",
    "continent": "Asia",
    "population": 10562088,
    "lat": -6.2088,
    "lng": 106.8456
  },
  {
    "name": "Surabaya",
    "country": "Indonesia",
    "continent": "Asia",
    "population": 2874699,
    "lat": -7.2575,
    "lng": 112.7521
  },
  {
    "name": "Bandung",
    "country": "Indonesia",
    "continent": "Asia",
    "population": 2444160,
    "lat": -6.9175,
    "lng": 107.6191
  },
  {
    "name": "Ho Chi Minh City",
    "country": "Vietnam",
    "continent": "Asia",
    "population": 8993082,
    "lat": 10.8231,
    "lng": 106.6297
  },
  {
    "name": "Hanoi",
    "country": "Vietnam",
    "continent": "Asia",
    "population": 8053663,
    "lat": 21.0285,
    "lng": 105.8542
  },
  {
    "name": "Kuala Lumpur",
    "country": "Malaysia",
    "continent": "Asia",
    "population": 1982112,
    "lat": 3.139,
    "lng": 101.6869
  },
  {
    "name": "Yangon",
    "country": "Myanmar",
    "continent": "Asia",
    "population": 5209541,
    "lat": 16.8661,
    "lng": 96.1951
  },
  {
    "name": "Riyadh",
    "country": "Saudi Arabia",
    "continent": "Asia",
    "population": 7676654,
    "lat": 24.7136,
    "lng": 46.6753
  },
  {
    "name": "Jeddah",
    "country": "Saudi Arabia",
    "continent": "Asia",
    "population": 4697000,
    "lat": 21.5433,
    "lng": 39.1728
  },
  {
    "name": "Tehran",
    "country": "Iran",
    "continent": "Asia",
    "population": 8896000,
    "lat": 35.6892,
    "lng": 51.389
  },
  {
    "name": "Baghdad",
    "country": "Iraq",
    "continent": "Asia",
    "population": 7216040,
    "lat": 33.3152,
    "lng": 44.3661
  },
  {
    "name": "Ankara",
    "country": "Turkey",
    "continent": "Asia",
    "population": 5663322,
    "lat": 39.9334,
    "lng": 32.8597
  },
  {
    "name": "Izmir",
    "country": "Turkey",
    "continent": "Asia",
    "population": 2972900,
    "lat": 38.4237,
    "lng": 27.1428
  },
  {
    "name": "Abu Dhabi",
    "country": "United Arab Emirates",
    "continent": "Asia",
    "population": 1482816,
    "lat": 24.4539,
    "lng": 54.3773
  },
  {
    "name": "Tel Aviv",
    "country": "Israel",
    "continent": "Asia",
    "population": 460613,
    "lat": 32.0853,
    "lng": 34.7818
  },
  {
    "name": "Jerusalem",
    "country": "Israel",
    "continent": "Asia",
    "population": 936425,
    "lat": 31.7683,
    "lng": 35.2137
  },
  {
    "name": "Almaty",
    "country": "Kazakhstan",
    "continent": "Asia",
    "population": 2039376,
    "lat": 43.222,
    "lng": 76.8512
  },
  {
    "name": "Tashkent",
    "country": "Uzbekistan",
    "continent": "Asia",
    "population": 2571668,
    "lat": 41.2995,
    "lng": 69.2401
  },
  {
    "name": "Karachi",
    "country": "Pakistan",
    "continent": "Asia",
    "population": 14910352,
    "lat": 24.8607,
    "lng": 67.0011
  },
  {
    "name": "Lahore",
    "country": "Pakistan",
    "continent": "Asia",
    "population": 11126285,
    "lat": 31.5497,
    "lng": 74.3436
  },
  {
    "name": "Dhaka",
    "country": "Bangladesh",
    "continent": "Asia",
    "population": 8906039,
    "lat": 23.8103,
    "lng": 90.4125
  },
  {
    "name": "Colombo",
    "country": "Sri Lanka",
    "continent": "Asia",
    "population": 752993,
    "lat": 6.9271,
    "lng": 79.8612
  },
  {
    "name": "Brasília",
    "country": "Brazil",
    "continent": "South America",
    "population": 3055149,
    "lat": -15.8267,
    "lng": -47.9218
  },
  {
    "name": "Belo Horizonte",
    "country": "Brazil",
    "continent": "South America",
    "population": 2521564,
    "lat": -19.9167,
    "lng": -43.9345
  },
  {
    "name": "Salvador",
    "country": "Brazil",
    "continent": "South America",
    "population": 2886698,
    "lat": -12.9714,
    "lng": -38.5014
  },
  {
    "name": "Fortaleza",
    "country": "Brazil",
    "continent": "South America",
    "population": 2686612,
    "lat": -3.7319,
    "lng": -38.5267
  },
  {
    "name": "Recife",
    "country": "Brazil",
    "continent": "South America",
    "population": 1653461,
    "lat": -8.0476,
    "lng": -34.877
  },
  {
    "name": "Curitiba",
    "country": "Brazil",
    "continent": "South America",
    "population": 1948626,
    "lat": -25.4284,
    "lng": -49.2733
  },
  {
    "name": "Manaus",
    "country": "Brazil",
    "continent": "South America",
    "population": 2219580,
    "lat": -3.119,
    "lng": -60.0217
  },
  {
    "name": "Córdoba",
    "country": "Argentina",
    "continent": "South America",
    "population": 1391000,
    "lat": -31.4201,
    "lng": -64.1888
  },
  {
    "name": "Rosario",
    "country": "Argentina",
    "continent": "South America",
    "population": 948312,
    "lat": -32.9442,
    "lng": -60.6505
  },
  {
    "name": "Montevideo",
    "country": "Uruguay",
    "continent": "South America",
    "population": 1319108,
    "lat": -34.9011,
    "lng": -56.1645
  },
  {
    "name": "Medellín",
    "country": "Colombia",
    "continent": "South America",
    "population": 2508452,
    "lat": 6.2476,
    "lng": -75.5658
  },
  {
    "name": "Cali",
    "country": "Colombia",
    "continent": "South America",
    "population": 2227642,
    "lat": 3.4516,
    "lng": -76.532
  },
  {
    "name": "Barranquilla",
    "country": "Colombia",
    "continent": "South America",
    "population": 1205769,
    "lat": 10.9639,
    "lng": -74.7964
  },
  {
    "name": "Quito",
    "country": "Ecuador",
    "continent": "South America",
    "population": 1978376,
    "lat": -0.1807,
    "lng": -78.4678
  },
  {
    "name": "Guayaquil",
    "country": "Ecuador",
    "continent": "South America",
    "population": 2698077,
    "lat": -2.1709,
    "lng": -79.9224
  },
  {
    "name": "La Paz",
    "country": "Bolivia",
    "continent": "South America",
    "population": 816044,
    "lat": -16.5,
    "lng": -68.15
  },
  {
    "name": "Santa Cruz",
    "country": "Bolivia",
    "continent": "South America",
    "population": 1453549,
    "lat": -17.8146,
    "lng": -63.156
  },
  {
    "name": "Asunción",
    "country": "Paraguay",
    "continent": "South America",
    "population": 524287,
    "lat": -25.2637,
    "lng": -57.5759
  },
  {
    "name": "Casablanca",
    "country": "Morocco",
    "continent": "Africa",
    "population": 3359818,
    "lat": 33.5731,
    "lng": -7.5898
  },
  {
    "name": "Rabat",
    "country": "Morocco",
    "continent": "Africa",
    "population": 577827,
    "lat": 34.0209,
    "lng": -6.8416
  },
  {
    "name": "Algiers",
    "country": "Algeria",
    "continent": "Africa",
    "population": 2364230,
    "lat": 36.7538,
    "lng": 3.0588
  },
  {
    "name": "Tunis",
    "country": "Tunisia",
    "continent": "Africa",
    "population": 638845,
    "lat": 36.8065,
    "lng": 10.1815
  },
  {
    "name": "Tripoli",
    "country": "Libya",
    "continent": "Africa",
    "population": 1165000,
    "lat": 32.8872,
    "lng": 13.1913
  },
  {
    "name": "Alexandria",
    "country": "Egypt",
    "continent": "Africa",
    "population": 5200000,
    "lat": 31.2001,
    "lng": 29.9187
  },
  {
    "name": "Giza",
    "country": "Egypt",
    "continent": "Africa",
    "population": 8800000,
    "lat": 30.0131,
    "lng": 31.2089
  },
  {
    "name": "Khartoum",
    "country": "Sudan",
    "continent": "Africa",
    "population": 5274321,
    "lat": 15.5007,
    "lng": 32.5599
  },
  {
    "name": "Addis Ababa",
    "country": "Ethiopia",
    "continent": "Africa",
    "population": 3384569,
    "lat": 9.032,
    "lng": 38.7469
  },
  {
    "name": "Abidjan",
    "country": "Ivory Coast",
    "continent": "Africa",
    "population": 4707404,
    "lat": 5.36,
    "lng": -4.0083
  },
  {
    "name": "Dakar",
    "country": "Senegal",
    "continent": "Africa",
    "population": 1146053,
    "lat": 14.6937,
    "lng": -17.4441
  },
  {
    "name": "Accra",
    "country": "Ghana",
    "continent": "Africa",
    "population": 2291352,
    "lat": 5.6037,
    "lng": -0.187
  },
  {
    "name": "Dar es Salaam",
    "country": "Tanzania",
    "continent": "Africa",
    "population": 6048000,
    "lat": -6.7924,
    "lng": 39.2083
  },
  {
    "name": "Luanda",
    "country": "Angola",
    "continent": "Africa",
    "population": 8325000,
    "lat": -8.8383,
    "lng": 13.2344
  },
  {
    "name": "Kampala",
    "country": "Uganda",
    "continent": "Africa",
    "population": 1680000,
    "lat": 0.3476,
    "lng": 32.5825
  },
  {
    "name": "Lusaka",
    "country": "Zambia",
    "continent": "Africa",
    "population": 2467000,
    "lat": -15.4167,
    "lng": 28.2833
  },
  {
    "name": "Harare",
    "country": "Zimbabwe",
    "continent": "Africa",
    "population": 1542813,
    "lat": -17.8252,
    "lng": 31.0335
  },
  {
    "name": "Maputo",
    "country": "Mozambique",
    "continent": "Africa",
    "population": 1101170,
    "lat": -25.9655,
    "lng": 32.5832
  },
  {
    "name": "Antananarivo",
    "country": "Madagascar",
    "continent": "Africa",
    "population": 1275207,
    "lat": -18.8792,
    "lng": 47.5079
  },
  {
    "name": "Durban",
    "country": "South Africa",
    "continent": "Africa",
    "population": 595061,
    "lat": -29.8587,
    "lng": 31.0218
  },
  {
    "name": "Pretoria",
    "country": "South Africa",
    "continent": "Africa",
    "population": 741651,
    "lat": -25.7479,
    "lng": 28.2293
  },
  {
    "name": "Perth",
    "country": "Australia",
    "continent": "Oceania",
    "population": 2085973,
    "lat": -31.9505,
    "lng": 115.8605
  },
  {
    "name": "Adelaide",
    "country": "Australia",
    "continent": "Oceania",
    "population": 1345777,
    "lat": -34.9285,
    "lng": 138.6007
  },
  {
    "name": "Gold Coast",
    "country": "Australia",
    "continent": "Oceania",
    "population": 679127,
    "lat": -28.0167,
    "lng": 153.4
  },
  {
    "name": "Canberra",
    "country": "Australia",
    "continent": "Oceania",
    "population": 426704,
    "lat": -35.2809,
    "lng": 149.13
  },
  {
    "name": "Wellington",
    "country": "New Zealand",
    "continent": "Oceania",
    "population": 215100,
    "lat": -41.2865,
    "lng": 174.7762
  },
  {
    "name": "Christchurch",
    "country": "New Zealand",
    "continent": "Oceania",
    "population": 389300,
    "lat": -43.532,
    "lng": 172.6306
  },
  {
    "name": "Suva",
    "country": "Fiji",
    "continent": "Oceania",
    "population": 93970,
    "lat": -18.1248,
    "lng": 178.4501
  },
  {
    "name": "Port Moresby",
    "country": "Papua New Guinea",
    "continent": "Oceania",
    "population": 364125,
    "lat": -9.4438,
    "lng": 147.1803
  },
  {
    "name": "Jacksonville",
    "country": "United States",
    "continent": "North America",
    "population": 949611,
    "lat": 30.3322,
    "lng": -81.6557
  },
  {
    "name": "Fort Worth",
    "country": "United States",
    "continent": "North America",
    "population": 918915,
    "lat": 32.7555,
    "lng": -97.3308
  },
  {
    "name": "Indianapolis",
    "country": "United States",
    "continent": "North America",
    "population": 887642,
    "lat": 39.7684,
    "lng": -86.1581
  },
  {
    "name": "Oklahoma City",
    "country": "United States",
    "continent": "North America",
    "population": 687725,
    "lat": 35.4676,
    "lng": -97.5164
  },
  {
    "name": "Louisville",
    "country": "United States",
    "continent": "North America",
    "population": 633045,
    "lat": 38.2527,
    "lng": -85.7585
  },
  {
    "name": "Memphis",
    "country": "United States",
    "continent": "North America",
    "population": 633104,
    "lat": 35.1495,
    "lng": -90.049
  },
  {
    "name": "Albuquerque",
    "country": "United States",
    "continent": "North America",
    "population": 564559,
    "lat": 35.0844,
    "lng": -106.6504
  },
  {
    "name": "Tucson",
    "country": "United States",
    "continent": "North America",
    "population": 548073,
    "lat": 32.2226,
    "lng": -110.9747
  },
  {
    "name": "Fresno",
    "country": "United States",
    "continent": "North America",
    "population": 542107,
    "lat": 36.7378,
    "lng": -119.7871
  },
  {
    "name": "Sacramento",
    "country": "United States",
    "continent": "North America",
    "population": 524943,
    "lat": 38.5816,
    "lng": -121.4944
  },
  {
    "name": "Kansas City",
    "country": "United States",
    "continent": "North America",
    "population": 508090,
    "lat": 39.0997,
    "lng": -94.5786
  },
  {
    "name": "Mesa",
    "country": "United States",
    "continent": "North America",
    "population": 504258,
    "lat": 33.4152,
    "lng": -111.8315
  },
  {
    "name": "Omaha",
    "country": "United States",
    "continent": "North America",
    "population": 486051,
    "lat": 41.2565,
    "lng": -95.9345
  },
  {
    "name": "Raleigh",
    "country": "United States",
    "continent": "North America",
    "population": 474069,
    "lat": 35.7796,
    "lng": -78.6382
  },
  {
    "name": "Virginia Beach",
    "country": "United States",
    "continent": "North America",
    "population": 459470,
    "lat": 36.8529,
    "lng": -75.978
  },
  {
    "name": "Colorado Springs",
    "country": "United States",
    "continent": "North America",
    "population": 478961,
    "lat": 38.8339,
    "lng": -104.8214
  },
  {
    "name": "New Orleans",
    "country": "United States",
    "continent": "North America",
    "population": 383997,
    "lat": 29.9511,
    "lng": -90.0715
  },
  {
    "name": "Tampa",
    "country": "United States",
    "continent": "North America",
    "population": 399700,
    "lat": 27.9506,
    "lng": -82.4572
  },
  {
    "name": "Cincinnati",
    "country": "United States",
    "continent": "North America",
    "population": 309317,
    "lat": 39.1031,
    "lng": -84.512
  },
  {
    "name": "Pittsburgh",
    "country": "United States",
    "continent": "North America",
    "population": 302971,
    "lat": 40.4406,
    "lng": -79.9959
  },
  {
    "name": "Cleveland",
    "country": "United States",
    "continent": "North America",
    "population": 372624,
    "lat": 41.4993,
    "lng": -81.6944
  },
  {
    "name": "Anchorage",
    "country": "United States",
    "continent": "North America",
    "population": 291247,
    "lat": 61.2181,
    "lng": -149.9003
  },
  {
    "name": "Honolulu",
    "country": "United States",
    "continent": "North America",
    "population": 345064,
    "lat": 21.3099,
    "lng": -157.8581
  },
  {
    "name": "St. Louis",
    "country": "United States",
    "continent": "North America",
    "population": 301578,
    "lat": 38.627,
    "lng": -90.1994
  },
  {
    "name": "Buffalo",
    "country": "United States",
    "continent": "North America",
    "population": 278349,
    "lat": 42.8864,
    "lng": -78.8784
  },
  {
    "name": "Mississauga",
    "country": "Canada",
    "continent": "North America",
    "population": 721599,
    "lat": 43.589,
    "lng": -79.6441
  },
  {
    "name": "Brampton",
    "country": "Canada",
    "continent": "North America",
    "population": 656480,
    "lat": 43.7315,
    "lng": -79.7624
  },
  {
    "name": "Hamilton",
    "country": "Canada",
    "continent": "North America",
    "population": 569353,
    "lat": 43.2557,
    "lng": -79.8711
  },
  {
    "name": "Surrey",
    "country": "Canada",
    "continent": "North America",
    "population": 568322,
    "lat": 49.1913,
    "lng": -122.849
  },
  {
    "name": "Laval",
    "country": "Canada",
    "continent": "North America",
    "population": 438366,
    "lat": 45.6066,
    "lng": -73.7124
  },
  {
    "name": "Halifax",
    "country": "Canada",
    "continent": "North America",
    "population": 403131,
    "lat": 44.6488,
    "lng": -63.5752
  },
  {
    "name": "London",
    "country": "Canada",
    "continent": "North America",
    "population": 422324,
    "lat": 42.9849,
    "lng": -81.2453
  },
  {
    "name": "Markham",
    "country": "Canada",
    "continent": "North America",
    "population": 338503,
    "lat": 43.8561,
    "lng": -79.337
  },
  {
    "name": "Victoria",
    "country": "Canada",
    "continent": "North America",
    "population": 367770,
    "lat": 48.4284,
    "lng": -123.3656
  },
  {
    "name": "Kitchener",
    "country": "Canada",
    "continent": "North America",
    "population": 256885,
    "lat": 43.4516,
    "lng": -80.4925
  },
  {
    "name": "Regina",
    "country": "Canada",
    "continent": "North America",
    "population": 226404,
    "lat": 50.4452,
    "lng": -104.6189
  },
  {
    "name": "Saskatoon",
    "country": "Canada",
    "continent": "North America",
    "population": 273010,
    "lat": 52.1332,
    "lng": -106.67
  },
  {
    "name": "Léon",
    "country": "Mexico",
    "continent": "North America",
    "population": 1579803,
    "lat": 21.125,
    "lng": -101.686
  },
  {
    "name": "Zapopan",
    "country": "Mexico",
    "continent": "North America",
    "population": 1332272,
    "lat": 20.7214,
    "lng": -103.3918
  },
  {
    "name": "Juárez",
    "country": "Mexico",
    "continent": "North America",
    "population": 1512354,
    "lat": 31.6904,
    "lng": -106.4245
  },
  {
    "name": "Toluca",
    "country": "Mexico",
    "continent": "North America",
    "population": 910608,
    "lat": 19.2827,
    "lng": -99.6557
  },
  {
    "name": "Cancún",
    "country": "Mexico",
    "continent": "North America",
    "population": 888797,
    "lat": 21.1619,
    "lng": -86.8515
  },
  {
    "name": "Mérida",
    "country": "Mexico",
    "continent": "North America",
    "population": 921770,
    "lat": 20.9674,
    "lng": -89.5926
  },
  {
    "name": "Chihuahua",
    "country": "Mexico",
    "continent": "North America",
    "population": 925762,
    "lat": 28.6353,
    "lng": -106.0889
  },
  {
    "name": "Querétaro",
    "country": "Mexico",
    "continent": "North America",
    "population": 1097025,
    "lat": 20.5888,
    "lng": -100.3899
  },
  {
    "name": "Acapulco",
    "country": "Mexico",
    "continent": "North America",
    "population": 673479,
    "lat": 16.8531,
    "lng": -99.8237
  },
  {
    "name": "Porto Alegre",
    "country": "Brazil",
    "continent": "South America",
    "population": 1488252,
    "lat": -30.0346,
    "lng": -51.2177
  },
  {
    "name": "Goiânia",
    "country": "Brazil",
    "continent": "South America",
    "population": 1536097,
    "lat": -16.6869,
    "lng": -49.2648
  },
  {
    "name": "Belém",
    "country": "Brazil",
    "continent": "South America",
    "population": 1499641,
    "lat": -1.4558,
    "lng": -48.5044
  },
  {
    "name": "Guarulhos",
    "country": "Brazil",
    "continent": "South America",
    "population": 1392121,
    "lat": -23.4538,
    "lng": -46.5333
  },
  {
    "name": "Campinas",
    "country": "Brazil",
    "continent": "South America",
    "population": 1213792,
    "lat": -22.9099,
    "lng": -47.0626
  },
  {
    "name": "São Luís",
    "country": "Brazil",
    "continent": "South America",
    "population": 1108975,
    "lat": -2.5387,
    "lng": -44.2825
  },
  {
    "name": "São Gonçalo",
    "country": "Brazil",
    "continent": "South America",
    "population": 1091737,
    "lat": -22.8268,
    "lng": -43.0539
  },
  {
    "name": "Maceió",
    "country": "Brazil",
    "continent": "South America",
    "population": 1025360,
    "lat": -9.6658,
    "lng": -35.7353
  },
  {
    "name": "Duque de Caxias",
    "country": "Brazil",
    "continent": "South America",
    "population": 924624,
    "lat": -22.7858,
    "lng": -43.3054
  },
  {
    "name": "Natal",
    "country": "Brazil",
    "continent": "South America",
    "population": 890480,
    "lat": -5.7945,
    "lng": -35.211
  },
  {
    "name": "Mendoza",
    "country": "Argentina",
    "continent": "South America",
    "population": 1115041,
    "lat": -32.8895,
    "lng": -68.8458
  },
  {
    "name": "La Plata",
    "country": "Argentina",
    "continent": "South America",
    "population": 694253,
    "lat": -34.9215,
    "lng": -57.9545
  },
  {
    "name": "Mar del Plata",
    "country": "Argentina",
    "continent": "South America",
    "population": 614350,
    "lat": -38.0055,
    "lng": -57.5426
  },
  {
    "name": "San Miguel de Tucumán",
    "country": "Argentina",
    "continent": "South America",
    "population": 548866,
    "lat": -26.8083,
    "lng": -65.2176
  },
  {
    "name": "Salta",
    "country": "Argentina",
    "continent": "South America",
    "population": 535303,
    "lat": -24.7821,
    "lng": -65.4232
  },
  {
    "name": "Valparaíso",
    "country": "Chile",
    "continent": "South America",
    "population": 296655,
    "lat": -33.0472,
    "lng": -71.6127
  },
  {
    "name": "Concepción",
    "country": "Chile",
    "continent": "South America",
    "population": 223574,
    "lat": -36.8201,
    "lng": -73.0444
  },
  {
    "name": "Arequipa",
    "country": "Peru",
    "continent": "South America",
    "population": 1008290,
    "lat": -16.409,
    "lng": -71.5375
  },
  {
    "name": "Trujillo",
    "country": "Peru",
    "continent": "South America",
    "population": 919899,
    "lat": -8.109,
    "lng": -79.0215
  },
  {
    "name": "Chiclayo",
    "country": "Peru",
    "continent": "South America",
    "population": 577375,
    "lat": -6.7714,
    "lng": -79.841
  },
  {
    "name": "Cartagena",
    "country": "Colombia",
    "continent": "South America",
    "population": 914552,
    "lat": 10.391,
    "lng": -75.4794
  },
  {
    "name": "Cúcuta",
    "country": "Colombia",
    "continent": "South America",
    "population": 650011,
    "lat": 7.8939,
    "lng": -72.5078
  },
  {
    "name": "Soledad",
    "country": "Colombia",
    "continent": "South America",
    "population": 655851,
    "lat": 10.9185,
    "lng": -74.7642
  },
  {
    "name": "Maracaibo",
    "country": "Venezuela",
    "continent": "South America",
    "population": 1653211,
    "lat": 10.6666,
    "lng": -71.6124
  },
  {
    "name": "Valencia",
    "country": "Venezuela",
    "continent": "South America",
    "population": 1396322,
    "lat": 10.1621,
    "lng": -68.0077
  },
  {
    "name": "Barquisimeto",
    "country": "Venezuela",
    "continent": "South America",
    "population": 1121924,
    "lat": 10.0647,
    "lng": -69.357
  },
  {
    "name": "Maracay",
    "country": "Venezuela",
    "continent": "South America",
    "population": 1111120,
    "lat": 10.2469,
    "lng": -67.5958
  },
  {
    "name": "Newcastle",
    "country": "Australia",
    "continent": "Oceania",
    "population": 322278,
    "lat": -32.9283,
    "lng": 151.7817
  },
  {
    "name": "Wollongong",
    "country": "Australia",
    "continent": "Oceania",
    "population": 302739,
    "lat": -34.4278,
    "lng": 150.8931
  },
  {
    "name": "Hobart",
    "country": "Australia",
    "continent": "Oceania",
    "population": 240342,
    "lat": -42.8821,
    "lng": 147.3272
  },
  {
    "name": "Geelong",
    "country": "Australia",
    "continent": "Oceania",
    "population": 268277,
    "lat": -38.1499,
    "lng": 144.3617
  },
  {
    "name": "Townsville",
    "country": "Australia",
    "continent": "Oceania",
    "population": 180820,
    "lat": -19.259,
    "lng": 146.8169
  },
  {
    "name": "Cairns",
    "country": "Australia",
    "continent": "Oceania",
    "population": 152729,
    "lat": -16.9186,
    "lng": 145.7781
  },
  {
    "name": "Darwin",
    "country": "Australia",
    "continent": "Oceania",
    "population": 147255,
    "lat": -12.4634,
    "lng": 130.8456
  },
  {
    "name": "Hamilton",
    "country": "New Zealand",
    "continent": "Oceania",
    "population": 179077,
    "lat": -37.787,
    "lng": 175.2793
  },
  {
    "name": "Tauranga",
    "country": "New Zealand",
    "continent": "Oceania",
    "population": 158300,
    "lat": -37.6878,
    "lng": 176.1651
  },
  {
    "name": "Dunedin",
    "country": "New Zealand",
    "continent": "Oceania",
    "population": 133854,
    "lat": -45.8788,
    "lng": 170.5028
  },
  {
    "name": "Chiang Mai",
    "country": "Thailand",
    "continent": "Asia",
    "population": 174235,
    "lat": 18.7883,
    "lng": 98.9853
  },
  {
    "name": "Phuket",
    "country": "Thailand",
    "continent": "Asia",
    "population": 79308,
    "lat": 7.8804,
    "lng": 98.3923
  },
  {
    "name": "Kyoto",
    "country": "Japan",
    "continent": "Asia",
    "population": 1475183,
    "lat": 35.0116,
    "lng": 135.7681
  },
  {
    "name": "Kawasaki",
    "country": "Japan",
    "continent": "Asia",
    "population": 1531646,
    "lat": 35.5307,
    "lng": 139.7029
  },
  {
    "name": "Saitama",
    "country": "Japan",
    "continent": "Asia",
    "population": 1324854,
    "lat": 35.8617,
    "lng": 139.6455
  },
  {
    "name": "Hiroshima",
    "country": "Japan",
    "continent": "Asia",
    "population": 1199391,
    "lat": 34.3853,
    "lng": 132.4553
  },
  {
    "name": "Sendai",
    "country": "Japan",
    "continent": "Asia",
    "population": 1096704,
    "lat": 38.2682,
    "lng": 140.8694
  },
  {
    "name": "Kitakyushu",
    "country": "Japan",
    "continent": "Asia",
    "population": 939029,
    "lat": 33.8834,
    "lng": 130.8751
  },
  {
    "name": "Chiba",
    "country": "Japan",
    "continent": "Asia",
    "population": 980267,
    "lat": 35.6074,
    "lng": 140.1065
  },
  {
    "name": "Sakai",
    "country": "Japan",
    "continent": "Asia",
    "population": 828741,
    "lat": 34.5733,
    "lng": 135.483
  },
  {
    "name": "Niigata",
    "country": "Japan",
    "continent": "Asia",
    "population": 800821,
    "lat": 37.9161,
    "lng": 139.0364
  },
  {
    "name": "Hamamatsu",
    "country": "Japan",
    "continent": "Asia",
    "population": 791707,
    "lat": 34.7108,
    "lng": 137.7261
  },
  {
    "name": "Kumamoto",
    "country": "Japan",
    "continent": "Asia",
    "population": 740822,
    "lat": 32.8031,
    "lng": 130.7079
  },
  {
    "name": "Okayama",
    "country": "Japan",
    "continent": "Asia",
    "population": 720841,
    "lat": 34.6617,
    "lng": 133.9342
  },
  {
    "name": "Sagamihara",
    "country": "Japan",
    "continent": "Asia",
    "population": 723470,
    "lat": 35.5531,
    "lng": 139.3689
  },
  {
    "name": "Shizuoka",
    "country": "Japan",
    "continent": "Asia",
    "population": 690881,
    "lat": 34.9769,
    "lng": 138.3831
  },
  {
    "name": "Kagoshima",
    "country": "Japan",
    "continent": "Asia",
    "population": 595049,
    "lat": 31.5969,
    "lng": 130.5571
  },
  {
    "name": "Suzhou",
    "country": "China",
    "continent": "Asia",
    "population": 10721700,
    "lat": 31.2989,
    "lng": 120.5853
  },
  {
    "name": "Harbin",
    "country": "China",
    "continent": "Asia",
    "population": 10635971,
    "lat": 45.8038,
    "lng": 126.534
  },
  {
    "name": "Qingdao",
    "country": "China",
    "continent": "Asia",
    "population": 9046200,
    "lat": 36.0671,
    "lng": 120.3826
  },
  {
    "name": "Dongguan",
    "country": "China",
    "continent": "Asia",
    "population": 8220237,
    "lat": 23.0209,
    "lng": 113.7518
  },
  {
    "name": "Shenyang",
    "country": "China",
    "continent": "Asia",
    "population": 8106171,
    "lat": 41.8057,
    "lng": 123.4328
  },
  {
    "name": "Jinan",
    "country": "China",
    "continent": "Asia",
    "population": 7321200,
    "lat": 36.6512,
    "lng": 117.1209
  },
  {
    "name": "Changsha",
    "country": "China",
    "continent": "Asia",
    "population": 8154790,
    "lat": 28.2282,
    "lng": 112.9388
  },
  {
    "name": "Dalian",
    "country": "China",
    "continent": "Asia",
    "population": 6690432,
    "lat": 38.914,
    "lng": 121.6147
  },
  {
    "name": "Zhengzhou",
    "country": "China",
    "continent": "Asia",
    "population": 9378000,
    "lat": 34.7466,
    "lng": 113.6253
  },
  {
    "name": "Xiamen",
    "country": "China",
    "continent": "Asia",
    "population": 3531347,
    "lat": 24.4798,
    "lng": 118.0894
  },
  {
    "name": "Kunming",
    "country": "China",
    "continent": "Asia",
    "population": 6626000,
    "lat": 25.0389,
    "lng": 102.7183
  },
  {
    "name": "Changchun",
    "country": "China",
    "continent": "Asia",
    "population": 7674439,
    "lat": 43.8171,
    "lng": 125.3235
  },
  {
    "name": "Taiyuan",
    "country": "China",
    "continent": "Asia",
    "population": 4201591,
    "lat": 37.8706,
    "lng": 112.5489
  },
  {
    "name": "Shijiazhuang",
    "country": "China",
    "continent": "Asia",
    "population": 10784600,
    "lat": 38.0428,
    "lng": 114.5149
  },
  {
    "name": "Ningbo",
    "country": "China",
    "continent": "Asia",
    "population": 7605700,
    "lat": 29.8683,
    "lng": 121.544
  },
  {
    "name": "Hefei",
    "country": "China",
    "continent": "Asia",
    "population": 7965300,
    "lat": 31.8206,
    "lng": 117.2272
  },
  {
    "name": "Ürümqi",
    "country": "China",
    "continent": "Asia",
    "population": 3500000,
    "lat": 43.8256,
    "lng": 87.6168
  },
  {
    "name": "Fuzhou",
    "country": "China",
    "continent": "Asia",
    "population": 7740000,
    "lat": 26.0745,
    "lng": 119.2965
  },
  {
    "name": "Nanchang",
    "country": "China",
    "continent": "Asia",
    "population": 5255000,
    "lat": 28.682,
    "lng": 115.8581
  },
  {
    "name": "Lucknow",
    "country": "India",
    "continent": "Asia",
    "population": 2817105,
    "lat": 26.8467,
    "lng": 80.9462
  },
  {
    "name": "Kanpur",
    "country": "India",
    "continent": "Asia",
    "population": 2765348,
    "lat": 26.4499,
    "lng": 80.3319
  },
  {
    "name": "Nagpur",
    "country": "India",
    "continent": "Asia",
    "population": 2405665,
    "lat": 21.1458,
    "lng": 79.0882
  },
  {
    "name": "Indore",
    "country": "India",
    "continent": "Asia",
    "population": 1960631,
    "lat": 22.7196,
    "lng": 75.8577
  },
  {
    "name": "Thane",
    "country": "India",
    "continent": "Asia",
    "population": 1841488,
    "lat": 19.2183,
    "lng": 72.9781
  },
  {
    "name": "Bhopal",
    "country": "India",
    "continent": "Asia",
    "population": 1798218,
    "lat": 23.2599,
    "lng": 77.4126
  },
  {
    "name": "Visakhapatnam",
    "country": "India",
    "continent": "Asia",
    "population": 1730320,
    "lat": 17.6868,
    "lng": 83.2185
  },
  {
    "name": "Patna",
    "country": "India",
    "continent": "Asia",
    "population": 1684222,
    "lat": 25.5941,
    "lng": 85.1376
  },
  {
    "name": "Vadodara",
    "country": "India",
    "continent": "Asia",
    "population": 1666703,
    "lat": 22.3072,
    "lng": 73.1812
  },
  {
    "name": "Ludhiana",
    "country": "India",
    "continent": "Asia",
    "population": 1618879,
    "lat": 30.901,
    "lng": 75.8573
  },
  {
    "name": "Agra",
    "country": "India",
    "continent": "Asia",
    "population": 1585704,
    "lat": 27.1767,
    "lng": 78.0081
  },
  {
    "name": "Surat",
    "country": "India",
    "continent": "Asia",
    "population": 4467797,
    "lat": 21.1702,
    "lng": 72.8311
  },
  {
    "name": "Daegu",
    "country": "South Korea",
    "continent": "Asia",
    "population": 2461002,
    "lat": 35.8714,
    "lng": 128.6014
  },
  {
    "name": "Daejeon",
    "country": "South Korea",
    "continent": "Asia",
    "population": 1475221,
    "lat": 36.3504,
    "lng": 127.3845
  },
  {
    "name": "Gwangju",
    "country": "South Korea",
    "continent": "Asia",
    "population": 1469216,
    "lat": 35.1595,
    "lng": 126.8526
  },
  {
    "name": "Ulsan",
    "country": "South Korea",
    "continent": "Asia",
    "population": 1166377,
    "lat": 35.5384,
    "lng": 129.3114
  },
  {
    "name": "Suwon",
    "country": "South Korea",
    "continent": "Asia",
    "population": 1242724,
    "lat": 37.2636,
    "lng": 127.0286
  },
  {
    "name": "Quezon City",
    "country": "Philippines",
    "continent": "Asia",
    "population": 2936116,
    "lat": 14.676,
    "lng": 121.0437
  },
  {
    "name": "Davao",
    "country": "Philippines",
    "continent": "Asia",
    "population": 1632991,
    "lat": 7.1907,
    "lng": 125.4553
  },
  {
    "name": "Cebu City",
    "country": "Philippines",
    "continent": "Asia",
    "population": 922611,
    "lat": 10.3157,
    "lng": 123.8854
  },
  {
    "name": "Makati",
    "country": "Philippines",
    "continent": "Asia",
    "population": 582602,
    "lat": 14.5547,
    "lng": 121.0244
  },
  {
    "name": "Medan",
    "country": "Indonesia",
    "continent": "Asia",
    "population": 2097610,
    "lat": 3.5952,
    "lng": 98.6722
  },
  {
    "name": "Bekasi",
    "country": "Indonesia",
    "continent": "Asia",
    "population": 2543676,
    "lat": -6.2349,
    "lng": 106.9896
  },
  {
    "name": "Tangerang",
    "country": "Indonesia",
    "continent": "Asia",
    "population": 1895486,
    "lat": -6.1781,
    "lng": 106.6319
  },
  {
    "name": "Depok",
    "country": "Indonesia",
    "continent": "Asia",
    "population": 1751696,
    "lat": -6.4025,
    "lng": 106.7942
  },
  {
    "name": "Palembang",
    "country": "Indonesia",
    "continent": "Asia",
    "population": 1668848,
    "lat": -2.9761,
    "lng": 104.7754
  },
  {
    "name": "Semarang",
    "country": "Indonesia",
    "continent": "Asia",
    "population": 1653524,
    "lat": -6.9666,
    "lng": 110.4167
  },
  {
    "name": "Makassar",
    "country": "Indonesia",
    "continent": "Asia",
    "population": 1423877,
    "lat": -5.1477,
    "lng": 119.4327
  },
  {
    "name": "Batam",
    "country": "Indonesia",
    "continent": "Asia",
    "population": 1196396,
    "lat": 1.0456,
    "lng": 104.0305
  },
  {
    "name": "Pekanbaru",
    "country": "Indonesia",
    "continent": "Asia",
    "population": 1093416,
    "lat": 0.5071,
    "lng": 101.4478
  },
  {
    "name": "Bogor",
    "country": "Indonesia",
    "continent": "Asia",
    "population": 1043070,
    "lat": -6.595,
    "lng": 106.816
  },
  {
    "name": "Johor Bahru",
    "country": "Malaysia",
    "continent": "Asia",
    "population": 497067,
    "lat": 1.4927,
    "lng": 103.7414
  },
  {
    "name": "Ipoh",
    "country": "Malaysia",
    "continent": "Asia",
    "population": 657892,
    "lat": 4.5975,
    "lng": 101.0901
  },
  {
    "name": "George Town",
    "country": "Malaysia",
    "continent": "Asia",
    "population": 708127,
    "lat": 5.4141,
    "lng": 100.3288
  },
  {
    "name": "Phnom Penh",
    "country": "Cambodia",
    "continent": "Asia",
    "population": 1573544,
    "lat": 11.5564,
    "lng": 104.9282
  },
  {
    "name": "Vientiane",
    "country": "Laos",
    "continent": "Asia",
    "population": 820000,
    "lat": 17.9757,
    "lng": 102.6331
  },
  {
    "name": "Muscat",
    "country": "Oman",
    "continent": "Asia",
    "population": 1421409,
    "lat": 23.588,
    "lng": 58.3829
  },
  {
    "name": "Doha",
    "country": "Qatar",
    "continent": "Asia",
    "population": 956457,
    "lat": 25.2854,
    "lng": 51.531
  },
  {
    "name": "Kuwait City",
    "country": "Kuwait",
    "continent": "Asia",
    "population": 2989000,
    "lat": 29.3759,
    "lng": 47.9774
  },
  {
    "name": "Manama",
    "country": "Bahrain",
    "continent": "Asia",
    "population": 157474,
    "lat": 26.2285,
    "lng": 50.586
  },
  {
    "name": "Amman",
    "country": "Jordan",
    "continent": "Asia",
    "population": 1812059,
    "lat": 31.9454,
    "lng": 35.9284
  },
  {
    "name": "Damascus",
    "country": "Syria",
    "continent": "Asia",
    "population": 1711000,
    "lat": 33.5138,
    "lng": 36.2765
  },
  {
    "name": "Aleppo",
    "country": "Syria",
    "continent": "Asia",
    "population": 1800000,
    "lat": 36.2021,
    "lng": 37.1343
  },
  {
    "name": "Kabul",
    "country": "Afghanistan",
    "continent": "Asia",
    "population": 4273156,
    "lat": 34.5553,
    "lng": 69.2075
  },
  {
    "name": "Kathmandu",
    "country": "Nepal",
    "continent": "Asia",
    "population": 1442271,
    "lat": 27.7172,
    "lng": 85.324
  },
  {
    "name": "Baku",
    "country": "Azerbaijan",
    "continent": "Asia",
    "population": 2236000,
    "lat": 40.4093,
    "lng": 49.8671
  },
  {
    "name": "Tbilisi",
    "country": "Georgia",
    "continent": "Asia",
    "population": 1118035,
    "lat": 41.7151,
    "lng": 44.8271
  },
  {
    "name": "Yerevan",
    "country": "Armenia",
    "continent": "Asia",
    "population": 1075800,
    "lat": 40.1792,
    "lng": 44.4991
  },
  {
    "name": "Bishkek",
    "country": "Kyrgyzstan",
    "continent": "Asia",
    "population": 1074075,
    "lat": 42.8746,
    "lng": 74.5698
  },
  {
    "name": "Dushanbe",
    "country": "Tajikistan",
    "continent": "Asia",
    "population": 863400,
    "lat": 38.5598,
    "lng": 68.7738
  },
  {
    "name": "Ashgabat",
    "country": "Turkmenistan",
    "continent": "Asia",
    "population": 1031992,
    "lat": 37.9601,
    "lng": 58.3261
  }
]